INSERT INTO Funcionario (CPF, CPF_lider, nome, data_nascimento, sexo, salario, CEP, descricao_endereco, email) VALUES ('295.015.774-22', NULL, 'Miguel Raul Nelson Vieira', to_date ('06/09/1981', 'dd/mm/yyyy'),'M', 3500.00, '53413-251', 'Travessa Maria Ivete Lopes 405', 'miguelraulnelsonvieira_@soutorigotti.com.br');
INSERT INTO Funcionario (CPF, CPF_lider, nome, data_nascimento, sexo, salario, CEP, descricao_endereco, email) VALUES ('616.081.624-19', NULL, 'Cláudia Débora Rocha', to_date ('20/08/1961', 'dd/mm/yyyy'),'F',3500.00 , '53050-320', 'Jardim Atlântico 815', 'claudiadeborarocha..claudiadeborarocha@santosdumonthospital.com.br');
INSERT INTO Funcionario (CPF, CPF_lider, nome, data_nascimento, sexo, salario, CEP, descricao_endereco, email) VALUES ('580.370.464-43', NULL, 'Tereza Raimunda Porto', to_date ('26/07/1958', 'dd/mm/yyyy'),'F',6000.00 , '53413-013', '2ª Travessa Rio Liberdade 845', 'tterezaraimundaporto@fojsc.unesp.br');
INSERT INTO Funcionario (CPF, CPF_lider, nome, data_nascimento, sexo, salario, CEP, descricao_endereco, email) VALUES ('715.023.004-00', NULL, 'Erick Theo Leandro Martins', to_date ('02/12/1961', 'dd/mm/yyyy'),'M', 7000.00 , '53290-285', 'Rua São Vicente 687', 'eericktheoleandromartins@br.inter.net');
INSERT INTO Funcionario (CPF, CPF_lider, nome, data_nascimento, sexo, salario, CEP, descricao_endereco, email) VALUES ('603.930.074-48', NULL, 'Luan Kaique Ferreira', to_date ('14/08/1989', 'dd/mm/yyyy'),'M', 1100.00 , '56503-106', 'Rua Primeiro de Agosto 498', 'lluankaiqueferreira@sabereler.com.br');
INSERT INTO Funcionario (CPF, CPF_lider, nome, data_nascimento, sexo, salario, CEP, descricao_endereco, email) VALUES ('032.703.074-70', NULL, 'Marina Luna Isadora da Mata', to_date ('14/05/1951', 'dd/mm/yyyy'),'F', 6100.00 , '50781-690', 'Rua Damasco 257', 'mmarinalunaisadoradamata@tia.mat.br');
INSERT INTO Funcionario (CPF, CPF_lider, nome, data_nascimento, sexo, salario, CEP, descricao_endereco, email) VALUES ('624.440.064-02', NULL, 'Yuri Miguel Martins', to_date ('20/06/1944', 'dd/mm/yyyy'),'M',5500.00 , '55299-472', '2ª Travessa Ibernon Wanderley 961', 'yyurimiguelmartins@yahho.com.br');
INSERT INTO Funcionario (CPF, CPF_lider, nome, data_nascimento, sexo, salario, CEP, descricao_endereco, email) VALUES ('897.750.034-66', NULL, 'João Fábio Sebastião da Luz', to_date ('12/12/1986', 'dd/mm/yyyy'),'M',4000.00 ,'52130-470', 'Praça da Convenção 936', 'joaofabiosebastiaodaluz..joaofabiosebastiaodaluz@cavalinho.srv.br');
INSERT INTO Funcionario (CPF, CPF_lider, nome, data_nascimento, sexo, salario, CEP, descricao_endereco, email) VALUES ('850.132.514-78', NULL, 'Giovanni Breno André Carvalho', to_date ('23/12/1991', 'dd/mm/yyyy'),'M',2000.00 , '55022-120', 'Rua Amaro Gonzaga da Silveira 491', 'giovannibrenoandrecarvalho_@recnev.com.br');
INSERT INTO Funcionario (CPF, CPF_lider, nome, data_nascimento, sexo, salario, CEP, descricao_endereco, email) VALUES ('661.596.914-90', '295.015.774-22', 'Allana Valentina de Paula', to_date ('18/03/1977', 'dd/mm/yyyy'),'F', 5000.00, '55010-080', 'Rua La Paz 282', 'allanavalentinadepaula__allanavalentinadepaula@grupoarteoficio.com.br');
INSERT INTO Funcionario (CPF, CPF_lider, nome, data_nascimento, sexo, salario, CEP, descricao_endereco, email) VALUES ('922.817.174-02', '624.440.064-02', 'Alana Aline Laura Araújo', to_date ('04/09/1997', 'dd/mm/yyyy'),'F',4000.00 , '53220-142', 'Rua Nazaré 176', 'alanaalinelauraaraujo-97@daou.com.br');
INSERT INTO Funcionario (CPF, CPF_lider, nome, data_nascimento, sexo, salario, CEP, descricao_endereco, email) VALUES ('510.898.434-02', '897.750.034-66', 'Heloise Sandra Clara Vieira', to_date ('14/01/1995', 'dd/mm/yyyy'),'F',2500.00 , '55154-509', 'Rua Projetada Dez 664', 'heloisesandraclaravieira_@trilhavitoria.com.br');
INSERT INTO Funcionario (CPF, CPF_lider, nome, data_nascimento, sexo, salario, CEP, descricao_endereco, email) VALUES ('138.706.954-39', '624.440.064-02', 'Arthur Martin da Cruz', to_date ('25/10/1973', 'dd/mm/yyyy'),'M',3500.00 , '53416-640', 'Rua Sirinhaém 430', 'aarthurmartindacruz@virtualcriativa.com.br');
INSERT INTO Funcionario (CPF, CPF_lider, nome, data_nascimento, sexo, salario, CEP, descricao_endereco, email) VALUES ('939.443.404-69', '295.015.774-22', 'Esther Louise Fogaça', to_date ('01/03/1981', 'dd/mm/yyyy'),'F',500.00 , '53550-797', 'ª Travessa Trinta e Um de Março 690', 'estherlouisefogaca_@defensoria.sp.gov.br');
INSERT INTO Funcionario (CPF, CPF_lider, nome, data_nascimento, sexo, salario, CEP, descricao_endereco, email) VALUES ('231.159.904-64', '295.015.774-22', 'Isadora Andrea Rocha', to_date ('01/01/2002', 'dd/mm/yyyy'),'F',500.00 , '53425-490', 'Rua Barra da Choca 596', 'iisadoraandrearocha@puenteimoveis.com.br');
INSERT INTO Funcionario (CPF, CPF_lider, nome, data_nascimento, sexo, salario, CEP, descricao_endereco, email) VALUES ('109.741.824-35', '661.596.914-90', 'Bryan Matheus Diogo Peixoto', to_date ('08/09/1975', 'dd/mm/yyyy'),'M', 500.00 , '54280-717', 'Rua Alecrim 608', 'bbryanmatheusdiogopeixoto@megasurgical.com.br');
INSERT INTO Funcionario (CPF, CPF_lider, nome, data_nascimento, sexo, salario, CEP, descricao_endereco, email) VALUES ('097.009.224-56', '661.596.914-90', 'Calebe Ruan Martin da Rosa', to_date ('22/02/1972', 'dd/mm/yyyy'),'M', 500.00 , '55031-375', 'Rua Maria Joseline Gávila', 'aleberuanmartindarosa..caleberuanmartindarosa@riscao.com.br');
INSERT INTO Funcionario (CPF, CPF_lider, nome, data_nascimento, sexo, salario, CEP, descricao_endereco, email) VALUES ('840.221.504-16', '032.703.074-70', 'Benedita Cristiane de Paula', to_date ('21/06/1990', 'dd/mm/yyyy'),'F',500.00 , '52121-000', 'Rua Coronel Mário Libório 928', 'beneditacristianedepaula_@alkbrasil.com.br');
INSERT INTO Funcionario (CPF, CPF_lider, nome, data_nascimento, sexo, salario, CEP, descricao_endereco, email) VALUES ('608.912.364-14', '032.703.074-70', 'Bruno Benício Samuel Ramos', to_date ('24/06/1996', 'dd/mm/yyyy'),'M',500.00 , '55195-235', 'Rua Floriano Mestre da Silva  954', 'bbrunobeniciosamuelramos@systrix.com.br');
INSERT INTO Funcionario (CPF, CPF_lider, nome, data_nascimento, sexo, salario, CEP, descricao_endereco, email) VALUES ('722.569.864-89', '032.703.074-70', 'Ricardo Theo Santos', to_date ('24/10/1992', 'dd/mm/yyyy'),'M', 500.00 , '52211-260', 'Rua Severino Carneiro 934', 'ricardotheosantos-91@gmalato.com.br');

INSERT INTO Telefone (CPF, numero) VALUES ('661.596.914-90', '(81) 3693-1847');
INSERT INTO Telefone (CPF, numero) VALUES ('661.596.914-90', '(81) 99571-0752');
INSERT INTO Telefone (CPF, numero) VALUES ('295.015.774-22', '(81) 3509-6393');
INSERT INTO Telefone (CPF, numero) VALUES ('295.015.774-22', '(81) 99629-9526');
INSERT INTO Telefone (CPF, numero) VALUES ('922.817.174-02', '(81) 3934-7464');
INSERT INTO Telefone (CPF, numero) VALUES ('922.817.174-02', '(81) 98557-4630');
INSERT INTO Telefone (CPF, numero) VALUES ('722.569.864-89', '(81) 2894-3411');
INSERT INTO Telefone (CPF, numero) VALUES ('722.569.864-89', '(81) 98630-8075');
INSERT INTO Telefone (CPF, numero) VALUES ('715.023.004-00', '(81) 2832-9128');
INSERT INTO Telefone (CPF, numero) VALUES ('715.023.004-00', '(81) 99247-5643');
INSERT INTO Telefone (CPF, numero) VALUES ('616.081.624-19', '(81) 3857-6677');
INSERT INTO Telefone (CPF, numero) VALUES ('616.081.624-19', '(81) 99682-5627');
INSERT INTO Telefone (CPF, numero) VALUES ('624.440.064-02', '(87) 2785-9826');
INSERT INTO Telefone (CPF, numero) VALUES ('624.440.064-02', '(87) 98828-2473');
INSERT INTO Telefone (CPF, numero) VALUES ('850.132.514-78', '(81) 2618-9577');
INSERT INTO Telefone (CPF, numero) VALUES ('850.132.514-78', '(81) 99201-1213');
INSERT INTO Telefone (CPF, numero) VALUES ('097.009.224-56', '(81) 3534-3522');
INSERT INTO Telefone (CPF, numero) VALUES ('097.009.224-56', '(81) 98928-8636');
INSERT INTO Telefone (CPF, numero) VALUES ('510.898.434-02', '(81) 2553-6364');
INSERT INTO Telefone (CPF, numero) VALUES ('510.898.434-02', '(81) 98422-7136');
INSERT INTO Telefone (CPF, numero) VALUES ('603.930.074-48', '(87) 3914-0765');
INSERT INTO Telefone (CPF, numero) VALUES ('603.930.074-48', '(87) 99385-2385');
INSERT INTO Telefone (CPF, numero) VALUES ('897.750.034-66', '(81) 3980-4586');
INSERT INTO Telefone (CPF, numero) VALUES ('897.750.034-66', '(81) 99288-0094');
INSERT INTO Telefone (CPF, numero) VALUES ('580.370.464-43', '(81) 3915-6980');
INSERT INTO Telefone (CPF, numero) VALUES ('580.370.464-43', '(81) 99867-8148');
INSERT INTO Telefone (CPF, numero) VALUES ('138.706.954-39', '(81) 3826-0200');
INSERT INTO Telefone (CPF, numero) VALUES ('138.706.954-39', '(81) 99851-4966');
INSERT INTO Telefone (CPF, numero) VALUES ('939.443.404-69', '(81) 98391-7757');
INSERT INTO Telefone (CPF, numero) VALUES ('231.159.904-64', '(81) 2835-5515');
INSERT INTO Telefone (CPF, numero) VALUES ('032.703.074-70', '(81) 3669-1001');
INSERT INTO Telefone (CPF, numero) VALUES ('032.703.074-70', '(81) 98947-1279');
INSERT INTO Telefone (CPF, numero) VALUES ('840.221.504-16', '(81) 3504-7582');
INSERT INTO Telefone (CPF, numero) VALUES ('840.221.504-16', '(81) 99254-1071');
INSERT INTO Telefone (CPF, numero) VALUES ('840.221.504-16', '(81) 99999-0000');
INSERT INTO Telefone (CPF, numero) VALUES ('109.741.824-35', '(81) 99820-4454');
INSERT INTO Telefone (CPF, numero) VALUES ('608.912.364-14', '(81) 98356-0677');

INSERT INTO Instituicao (codigo, nome, sigla) VALUES (01, 'Instituto Federal de Educação Cs. e Tecnología de Pernambuco', 'IFPE');
INSERT INTO Instituicao (codigo, nome, sigla) VALUES (02, 'Escola Superior de Marketing', 'ESM');
INSERT INTO Instituicao (codigo, nome, sigla) VALUES (03, 'Faculdade de Ciências Humanas de Pernambuco', 'FCHPE');
INSERT INTO Instituicao (codigo, nome, sigla) VALUES (04, 'Faculdade de Tecnología e Ciências de Pernambuco', 'FATEC');
INSERT INTO Instituicao (codigo, nome, sigla) VALUES (05, 'Faculdade de Tecnologia SENAC', 'FTC');
INSERT INTO Instituicao (codigo, nome, sigla) VALUES (06, 'Escola Politécnica de Pernambuco', 'POLI');
INSERT INTO Instituicao (codigo, nome, sigla) VALUES (07, 'Universidade Federal de Pernambuco', 'UFPE');
INSERT INTO Instituicao (codigo, nome, sigla) VALUES (08, 'Universidade Federal do Vale do São Francisco', 'UNIVASF');
INSERT INTO Instituicao (codigo, nome, sigla) VALUES (09, 'Universidade Católica de Pernambuco', 'UNICAP');
INSERT INTO Instituicao (codigo, nome, sigla) VALUES (10, 'Faculdade Pernambucana de Saúde', 'FPS');
INSERT INTO Instituicao (codigo, nome, sigla) VALUES (11, 'Escola Técnica Estadual Professor Agamemnon Magalhães', 'ETEPAM');
INSERT INTO Instituicao (codigo, nome, sigla) VALUES (12, 'CESAR School', 'CESCH');
INSERT INTO Instituicao (codigo, nome, sigla) VALUES (13, 'Escola Técnica Estadual Porto Digital', 'EEPD');
INSERT INTO Instituicao (codigo, nome, sigla) VALUES (14, 'Centro Universitário Maurício de Nassau', 'UNINAS');

INSERT INTO Graduado (CPF, IES, grau) VALUES ('295.015.774-22', 01, 'DOUTORADO');
INSERT INTO Graduado (CPF, IES, grau) VALUES ('616.081.624-19', 02, 'GRADUADO');
INSERT INTO Graduado (CPF, IES, grau) VALUES ('580.370.464-43', 03, 'MESTRADO');
INSERT INTO Graduado (CPF, IES, grau) VALUES ('715.023.004-00', 04, 'MESTRADO');
INSERT INTO Graduado (CPF, IES, grau) VALUES ('603.930.074-48', 05, 'GRADUADO');
INSERT INTO Graduado (CPF, IES, grau) VALUES ('032.703.074-70', 06, 'ESPECIALIZAÇÃO');
INSERT INTO Graduado (CPF, IES, grau) VALUES ('624.440.064-02', 07, 'GRADUADO');
INSERT INTO Graduado (CPF, IES, grau) VALUES ('897.750.034-66', 08, 'MESTRADO');
INSERT INTO Graduado (CPF, IES, grau) VALUES ('850.132.514-78', 09, 'DOUTORADO');
INSERT INTO Graduado (CPF, IES, grau) VALUES ('661.596.914-90', 10, 'DOUTORADO');

INSERT INTO Tecnico (CPF, codigo, serie) VALUES ('922.817.174-02', 11, '3º ANO');
INSERT INTO Tecnico (CPF, codigo, serie) VALUES ('510.898.434-02', 12, '8º SÉRIE');
INSERT INTO Tecnico (CPF, codigo, serie) VALUES ('138.706.954-39', 13, '3º ANO');
INSERT INTO Tecnico (CPF, codigo, serie) VALUES ('939.443.404-69', 14, '3º ANO');
INSERT INTO Tecnico (CPF, codigo, serie) VALUES ('231.159.904-64', 01, '7º SÉRIE');
INSERT INTO Tecnico (CPF, codigo, serie) VALUES ('109.741.824-35', 02, '3º ANO');
INSERT INTO Tecnico (CPF, codigo, serie) VALUES ('097.009.224-56', 03, '3º ANO');
INSERT INTO Tecnico (CPF, codigo, serie) VALUES ('840.221.504-16', 04, '6º SÉRIE');
INSERT INTO Tecnico (CPF, codigo, serie) VALUES ('608.912.364-14', 05, '7º SÉRIE');
INSERT INTO Tecnico (CPF, codigo, serie) VALUES ('722.569.864-89', 06, '8º SÉRIE');

INSERT INTO Departamento (cpf_chefe, codigo, descricao) VALUES ('032.703.074-70', 000, 'Desenvolvimento');
INSERT INTO Departamento (cpf_chefe, codigo, descricao) VALUES ('850.132.514-78', 050, 'RH');
INSERT INTO Departamento (cpf_chefe, codigo, descricao) VALUES ('580.370.464-43', 100, 'Financeiro');
INSERT INTO Departamento (cpf_chefe, codigo, descricao) VALUES ('616.081.624-19', 150, 'Marketing');
INSERT INTO Departamento (cpf_chefe, codigo, descricao) VALUES ('922.817.174-02', 200, 'Serviços gerais');

INSERT INTO Trabalha (CPF, codigo, dataTra) VALUES ('032.703.074-70', 000, to_date ('01/02/1999', 'dd/mm/yyyy'));
INSERT INTO Trabalha (CPF, codigo, dataTra) VALUES ('032.703.074-70', 150, to_date ('01/02/2000', 'dd/mm/yyyy'));
INSERT INTO Trabalha (CPF, codigo, dataTra) VALUES ('850.132.514-78', 050, to_date ('06/06/2011', 'dd/mm/yyyy'));
INSERT INTO Trabalha (CPF, codigo, dataTra) VALUES ('580.370.464-43', 100, to_date ('31/12/1995', 'dd/mm/yyyy'));
INSERT INTO Trabalha (CPF, codigo, dataTra) VALUES ('580.370.464-43', 150, to_date ('23/08/1996', 'dd/mm/yyyy'));
INSERT INTO Trabalha (CPF, codigo, dataTra) VALUES ('616.081.624-19', 150, to_date ('11/04/2004', 'dd/mm/yyyy'));
INSERT INTO Trabalha (CPF, codigo, dataTra) VALUES ('616.081.624-19', 100, to_date ('11/03/2003', 'dd/mm/yyyy'));
INSERT INTO Trabalha (CPF, codigo, dataTra) VALUES ('616.081.624-19', 000, to_date ('11/04/2003', 'dd/mm/yyyy'));
INSERT INTO Trabalha (CPF, codigo, dataTra) VALUES ('922.817.174-02', 200, to_date ('05/03/2019', 'dd/mm/yyyy'));
INSERT INTO Trabalha (CPF, codigo, dataTra) VALUES ('722.569.864-89', 000, to_date ('13/09/2019', 'dd/mm/yyyy'));
INSERT INTO Trabalha (CPF, codigo, dataTra) VALUES ('608.912.364-14', 000, to_date ('02/07/2015', 'dd/mm/yyyy'));
INSERT INTO Trabalha (CPF, codigo, dataTra) VALUES ('840.221.504-16', 000, to_date ('29/11/2002', 'dd/mm/yyyy'));
INSERT INTO Trabalha (CPF, codigo, dataTra) VALUES ('661.596.914-90', 200, to_date ('30/08/1998', 'dd/mm/yyyy'));
INSERT INTO Trabalha (CPF, codigo, dataTra) VALUES ('109.741.824-35', 200, to_date ('17/05/2000', 'dd/mm/yyyy'));
INSERT INTO Trabalha (CPF, codigo, dataTra) VALUES ('097.009.224-56', 200, to_date ('29/11/2012', 'dd/mm/yyyy'));
INSERT INTO Trabalha (CPF, codigo, dataTra) VALUES ('295.015.774-22', 100, to_date ('15/03/2005', 'dd/mm/yyyy'));
INSERT INTO Trabalha (CPF, codigo, dataTra) VALUES ('939.443.404-69', 100, to_date ('20/12/2009', 'dd/mm/yyyy'));
INSERT INTO Trabalha (CPF, codigo, dataTra) VALUES ('231.159.904-64', 100, to_date ('21/01/2020', 'dd/mm/yyyy'));
INSERT INTO Trabalha (CPF, codigo, dataTra) VALUES ('715.023.004-00', 200, to_date ('19/02/1985', 'dd/mm/yyyy'));
INSERT INTO Trabalha (CPF, codigo, dataTra) VALUES ('603.930.074-48', 150, to_date ('06/06/2010', 'dd/mm/yyyy'));
INSERT INTO Trabalha (CPF, codigo, dataTra) VALUES ('624.440.064-02', 000, to_date ('19/10/1990', 'dd/mm/yyyy'));
INSERT INTO Trabalha (CPF, codigo, dataTra) VALUES ('897.750.034-66', 050, to_date ('08/09/2016', 'dd/mm/yyyy'));
INSERT INTO Trabalha (CPF, codigo, dataTra) VALUES ('510.898.434-02', 050, to_date ('30/04/2020', 'dd/mm/yyyy'));
INSERT INTO Trabalha (CPF, codigo, dataTra) VALUES ('138.706.954-39', 000, to_date ('04/12/1992', 'dd/mm/yyyy'));

INSERT INTO Projetos (codigo, descricao, valor) VALUES (0007, 'Projeto de redes', 5000.00 );
INSERT INTO Projetos (codigo, descricao, valor) VALUES (0014, 'Projeto de aprendizagem de máquina', 9600.00 );
INSERT INTO Projetos (codigo, descricao, valor) VALUES (0021, 'Projeto de android', 7500.00 );
INSERT INTO Projetos (codigo, descricao, valor) VALUES (0028, 'Projeto de banco de dados',  15000.00 );
INSERT INTO Projetos (codigo, descricao, valor) VALUES (0035, 'Projeto de website', 3200.00  );
INSERT INTO Projetos (codigo, descricao, valor) VALUES (0042, 'Projeto de recrutação', 4800.00 );
INSERT INTO Projetos (codigo, descricao, valor) VALUES (0049, 'Projeto musical', 10000.00 );

INSERT INTO Participa (codigo, CPF) VALUES (0007, '722.569.864-89');
INSERT INTO Participa (codigo, CPF) VALUES (0007, '032.703.074-70');
INSERT INTO Participa (codigo, CPF) VALUES (0007, '580.370.464-43');
INSERT INTO Participa (codigo, CPF) VALUES (0007, '608.912.364-14');
INSERT INTO Participa (codigo, CPF) VALUES (0014, '032.703.074-70');
INSERT INTO Participa (codigo, CPF) VALUES (0014, '616.081.624-19');
INSERT INTO Participa (codigo, CPF) VALUES (0014, '840.221.504-16');
INSERT INTO Participa (codigo, CPF) VALUES (0021, '715.023.004-00');
INSERT INTO Participa (codigo, CPF) VALUES (0021, '624.440.064-02');
INSERT INTO Participa (codigo, CPF) VALUES (0021, '138.706.954-39');
INSERT INTO Participa (codigo, CPF) VALUES (0021, '580.370.464-43');
INSERT INTO Participa (codigo, CPF) VALUES (0021, '032.703.074-70');
INSERT INTO Participa (codigo, CPF) VALUES (0028, '840.221.504-16');
INSERT INTO Participa (codigo, CPF) VALUES (0028, '850.132.514-78');
INSERT INTO Participa (codigo, CPF) VALUES (0028, '897.750.034-66');
INSERT INTO Participa (codigo, CPF) VALUES (0028, '616.081.624-19');
INSERT INTO Participa (codigo, CPF) VALUES (0042, '109.741.824-35');
INSERT INTO Participa (codigo, CPF) VALUES (0042, '608.912.364-14');
INSERT INTO Participa (codigo, CPF) VALUES (0042, '922.817.174-02');
INSERT INTO Participa (codigo, CPF) VALUES (0049, '231.159.904-64');
INSERT INTO Participa (codigo, CPF) VALUES (0049, '840.221.504-16');
INSERT INTO Participa (codigo, CPF) VALUES (0049, '722.569.864-89');
INSERT INTO Participa (codigo, CPF) VALUES (0049, '661.596.914-90');


